type,title,description,details,price,link,title_link,image_url,image_alt,image_title,ribbon
type1,ทัวร์ภูเก็ต 1 วัน,เที่ยวภูเก็ต ทัวร์เกาะ 1 วัน,โปรแกรมทัวร์ เที่ยวภูเก็ต 1 วัน ทัวร์ตามเกาะ ดำน้ำดูปะการัง ราคาพิเศษ ถูกที่สุด,ราคาพิเศษ,tourphuket-oneday.htm,,img-tour/tour-phuket/tour-phuket-list.jpg,ทัวร์ภูเก็ต ทัวร์เกาะ 1 วัน,,ทัวร์ภูเก็ต
type1,ทัวร์ภูเก็ต ครึ่งวัน,ทัวร์ภูเก็ต เที่ยวภูเก็ต ครึ่งวัน,โปรแกรมทัวร์ภูเก็ตครึ่งวัน เที่ยวเกาะครึ่งวัน สำหรับคนมีเวลาน้อย ราคาพิเศษ,ราคาพิเศษ,tourphuket-halfday.htm,,img-tour/tour-phuket/tour-phuket-halfday-list.jpg,ทัวร์ภูเก็ต เที่ยวภูเก็ต ครึ่งวัน,,ทัวร์ภูเก็ต
type1,ทัวร์เรือยอร์ช เรือคาตามารัน,ทัวร์เรือหรู เที่ยวเกาะ 1 วัน,โปรแกรมล่องเรือหรู รูปแบบเรือยอร์ช เรือคาตามารัน แบบ 1 วัน เที่ยวตามเกาะสวย ราคาพิเศษ,ราคาพิเศษ,tourphuket-yatch-catamaran.htm,,img-tour/tour-phuket/tour-phuket-yatch-catamaran-list.jpg,ทัวร์เรือยอร์ช เรือคาตามารัน,,ทัวร์ภูเก็ต
type1,ทัวร์ภูเก็ต 2 วัน 1 คืน,,แพ็คเกจทัวร์ พร้อมที่พัก รถรับส่งสนามบิน และทริปเที่ยวเกาะสวย ทัวร์ภูเก็ต 2 วัน 1 คืน ราคาพิเศษ,ราคาพิเศษ,tourphuket-2d-1n.htm,,img-tour/tour-phuket/tour-phuket-2d1n-list.jpg,ทัวร์ภูเก็ต 2 วัน 1 คืน,,
type1,ทัวร์ภูเก็ต 3 วัน 2 คืน,,แพ็คเกจทัวร์ พร้อมที่พัก รถรับส่งสนามบิน และทริปเที่ยวเกาะสวย ทัวร์ภูเก็ต 3 วัน 2 คืน ราคาพิเศษ,ราคาพิเศษ,tourphuket-3d-2n.htm,,img-tour/tour-phuket/tour-phuket-3d2n-list.jpg,ทัวร์ภูเก็ต 3 วัน 2 คืน,,
type1,ทัวร์ภูเก็ต 4 วัน 3 คืน,,แพ็คเกจทัวร์ พร้อมที่พัก รถรับส่งสนามบิน และทริปเที่ยวเกาะสวย ทัวร์ภูเก็ต 4 วัน 3 คืน ราคาพิเศษ,ราคาพิเศษ,tourphuket-4d-3n.htm,,img-tour/tour-krabi-3d2n-list.jpg,ทัวร์ภูเก็ต 4 วัน 3 คืน,,
type2,ทัวร์เกาะสิมิลัน 1 วัน ราคาถูก,,,"2,000 บาท",tourphuket-similan-island.htm,tourphuket-similan-island.htm,img-tour/tour-best/tour-similan.jpg,ทัวร์เกาะสิมิลัน 1 วัน ราคาถูก,ทัวร์เกาะสิมิลัน 1 วัน ราคาถูก,
type2,ทัวร์เกาะสิมิลัน 1 วัน ราคาถูก,,,"1,750 บาท",tourphuket-similan-island-seastar.htm,tourphuket-similan-island-seastar.htm,img-tour/tour-similan-seastar/h-m-tour-similand-seastar.jpg,ทัวร์เกาะสิมิลัน 1 วัน ราคาถูก,ทัวร์เกาะสิมิลัน 1 วัน ราคาถูก,
type2,ทัวร์เกาะสิมิลัน 1 วัน ราคาถูก,,,"1,900 บาท",tourphuket-similan-island-loveandaman.htm,tourphuket-similan-island-loveandaman.htm,img-tour/tour-similan-loveandaman/h-m-tour-similan-loveandaman.jpg,ทัวร์เกาะสิมิลัน 1 วัน ราคาถูก,ทัวร์เกาะสิมิลัน 1 วัน ราคาถูก,
type2,ทัวร์เกาะสุรินทร์ 1 วัน ราคาถูก,,,"2,150 บาท",tourphuket-surin-island.htm,tourphuket-surin-island.htm,img-tour/tour-best/tour-surin.jpg,ทัวร์เกาะสุรินทร์ 1 วัน ราคาถูก,ทัวร์เกาะสุรินทร์ 1 วัน ราคาถูก,
type2,ทัวร์เกาะสุรินทร์ 1 วัน Seastar ราคาถูก,,,"2,150 บาท",tourphuket-surin-island-seastar.htm,tourphuket-surin-island-seastar.htm,img-tour/tour-surin-island/h-m-tour-surin-island-seastar.jpg,ทัวร์เกาะสุรินทร์ 1 วัน Seastar ราคาถูก,ทัวร์เกาะสุรินทร์ 1 วัน Seastar ราคาถูก,
type2,ทัวร์เกาะสุรินทร์ 1 วัน Loveandaman ราคาถูก,,,"2,200 บาท",tourphuket-surin-island-loveandaman.htm,tourphuket-surin-island-loveandaman.htm,img-tour/tour-surin-island/h-m-tour-surin-island-loveandaman.jpg,ทัวร์เกาะสุรินทร์ 1 วัน Loveandaman ราคาถูก,ทัวร์เกาะสุรินทร์ 1 วัน Loveandaman ราคาถูก,
type2,ทัวร์เกาะรอก 1 วัน ราคาถูก,,,"2,300 บาท",tourphuket-kohrok-island.htm,tourphuket-kohrok-island.htm,img-tour/tour-rok-island/h-m-tour-rok-island.jpg,ทัวร์เกาะรอก 1 วัน ราคาถูก,ทัวร์เกาะรอก 1 วัน ราคาถูก,
type2,ทัวร์เกาะรอก 1 วัน ราคาถูก,,,"2,250 บาท",tourphuket-kohrok-island-seastar.htm,tourphuket-kohrok-island-seastar.htm,img-tour/tour-rok-island/h-m-tour-rok-island-seastar.jpg,ทัวร์เกาะรอก 1 วัน ราคาถูก,ทัวร์เกาะรอก 1 วัน ราคาถูก,
type2,ทัวร์เกาะรอก 1 วัน ราคาถูก,,,"2,400 บาท",tourphuket-kohrok-island-loveandaman.htm,tourphuket-kohrok-island-loveandaman.htm,img-tour/tour-rok-island/h-m-tour-rok-island-loveandaman.jpg,ทัวร์เกาะรอก 1 วัน ราคาถูก,ทัวร์เกาะรอก 1 วัน ราคาถูก,
type2,ทัวร์เกาะพีพี เกาะไข่ 1 วัน ราคาถูก,,,"1,350 บาท",tourphuket-phiphi-khai-island.htm,tourphuket-phiphi-khai-island.htm,img-tour/tour-phiphi-khai/h-m-tour-phiphi-khai-island.jpg,ทัวร์เกาะพีพี เกาะไข่ 1 วัน ราคาถูก,ทัวร์เกาะพีพี เกาะไข่ 1 วัน ราคาถูก,
type2,ทัวร์เกาะพีพี เกาะไข่ 1 วัน ราคาถูก,,,"1,450 บาท",tourphuket-phiphi-khai-catamarun.htm,tourphuket-phiphi-khai-catamarun.htm,img-tour/tour-phiphi-catamarun/h-m-tour-phiphi-catamarun.jpg,ทัวร์เกาะพีพี เกาะไข่ 1 วัน ราคาถูก,ทัวร์เกาะพีพี เกาะไข่ 1 วัน ราคาถูก,
type2,ทัวร์เกาะพีพี เกาะไข่ เกาะไม้ท่อน 1 วัน ราคาถูก,,,"1,450 บาท",tourphuket-phiphi-khai-maiton.htm,tourphuket-phiphi-khai-maiton.htm,img-tour/tour-phiphi-maiton/h-m-tour-phiphi-maiton.jpg,ทัวร์เกาะพีพี เกาะไข่ เกาะไม้ท่อน 1 วัน ราคาถูก,ทัวร์เกาะพีพี เกาะไข่ เกาะไม้ท่อน 1 วัน ราคาถูก,
type2,ทัวร์เกาะพีพี วิวพอยท์ เกาะไข่ ไม้ท่อน 1 วัน ราคาถูก,,,"1,450 บาท",tourphuket-phiphiviewpoint-khai.htm,tourphuket-phiphiviewpoint-khai.htm,img-tour/tour-phiphi-viewpoint/h-m-tour-phiphi-viewpoint.jpg,ทัวร์เกาะพีพี วิวพอยท์ เกาะไข่ ไม้ท่อน 1 วัน ราคาถูก,ทัวร์เกาะพีพี วิวพอยท์ เกาะไข่ ไม้ท่อน 1 วัน ราคาถูก,
type2,ทัวร์เกาะพีพี วิวพอยท์ เกาะไข่ ไม้ท่อน 1 วัน ราคาถูก,,,"1,450 บาท",tourphuket-phiphi-sunset-khai-catamarun.htm,tourphuket-phiphi-sunset-khai-catamarun.htm,img-tour/tour-phiphi-sunset-khai-catamarun/h-m-tour-phiphi-sunset-khai-catamarun.jpg,ทัวร์เกาะพีพี วิวพอยท์ เกาะไข่ ไม้ท่อน 1 วัน ราคาถูก,ทัวร์เกาะพีพี วิวพอยท์ เกาะไข่ ไม้ท่อน 1 วัน ราคาถูก,
type2,ทัวร์เกาะพีพี เกาะไผ่(แบมบู) 1 วัน ราคาถูก,,,"1,600 บาท",tourphuket-phiphi-bamboo-speedboat.htm,tourphuket-phiphi-bamboo-speedboat.htm,img-tour/tour-phiphi-bamboo/h-m-tour-phiphi-bamboo.jpg,ทัวร์เกาะพีพี เกาะไผ่(แบมบู) 1 วัน ราคาถูก,ทัวร์เกาะพีพี เกาะไผ่(แบมบู) 1 วัน ราคาถูก,
type2,ทัวร์เกาะพีพี พระอาทิตย์ตกดิน เกาะไม้ท่อน ด้วยเรือสปีดคาตามารัน 1 วัน,,,"2,399 บาท",tourphuket-phiphi-maiton-speedcatamaran.htm,tourphuket-phiphi-maiton-speedcatamaran.htm,img-tour/tour-phiphi-maiton-speedcatamaran/h-m-tour-phiphi-maiton-speedcatamaran.jpg,ทัวร์เกาะพีพี พระอาทิตย์ตกดิน เกาะไม้ท่อน ด้วยเรือสปีดคาตามารัน 1 วัน,ทัวร์เกาะพีพี เกาะไผ่(แบมบู) 1 วัน ราคาถูก,
type2,ทัวร์เกาะพีพี เกาะไผ่(แบมบู) 1 วัน ราคาถูก,,,"1,900 บาท",tourphuket-phiphi-bamboo-seastar.htm,tourphuket-phiphi-bamboo-seastar.htm,img-tour/tour-phiphi-bamboo-seastar/h-m-tour-phiphi-bamboo-seastar.jpg,ทัวร์เกาะพีพี เกาะไผ่(แบมบู) 1 วัน ราคาถูก,ทัวร์เกาะพีพี เกาะไผ่(แบมบู) 1 วัน ราคาถูก,
type2,ทัวร์เกาะพีพี เกาะไผ่ เรือใหญ่,,,"1,300 บาท",tourphuket-phiphi-bamboo-expressboat.htm,tourphuket-phiphi-bamboo-expressboat.htm,img-tour/tour-phiphi-bamboo-bigboat/h-m-tour-phiphi-bamboo-bigboat.jpg,ทัวร์เกาะพีพี เกาะไผ่ เรือใหญ่,ทัวร์เกาะพีพี เกาะไผ่ เรือใหญ่,
type2,ทัวร์เกาะพีพี เรือเฟอร์รี 1 วัน ราคาถูก,,,"1,300 บาท",tourphuket-phiphi-khai-island-ferry-boat.htm,tourphuket-phiphi-khai-island-ferry-boat.htm,img-tour/tour-phiphi-ferry/h-m-tour-phiphi-ferry.jpg,ทัวร์เกาะพีพี เรือเฟอร์รี 1 วัน ราคาถูก,ทัวร์เกาะพีพี เรือเฟอร์รี 1 วัน ราคาถูก,
type2,ทัวร์เกาะพีพี เรือBeyond Cruise 1 วัน ราคาถูก,,,"1,200 บาท",tourphuket-phiphi-beyond-cruise.htm,tourphuket-phiphi-beyond-cruise.htm,img-tour/tour-phiphi-beyond-cruise/h-m-tour-phiphi-beyond-cruise.jpg,ทัวร์เกาะพีพี เรือBeyond Cruise 1 วัน ราคาถูก,ทัวร์เกาะพีพี เรือBeyond Cruise 1 วัน ราคาถูก,
type2,ทัวร์เกาะราชา 1 วัน ราคาถูก,,,"1,000 บาท",tourphuket-raya-island.htm,tourphuket-raya-island.htm,img-tour/tour-raya-island/h-m-tour-raya-island.jpg,ทัวร์เกาะราชา 1 วัน ราคาถูก,ทัวร์เกาะราชา 1 วัน ราคาถูก,
type2,ทัวร์เกาะเฮ เกาะราชา,,,"1,000 บาท",tourphuket-coral-raya-island.htm,tourphuket-coral-raya-island.htm,img-tour/tour-raya-coral-island/h-m-tour-raya-coral-island.jpg,ทัวร์เกาะเฮ เกาะราชา 1 วัน ราคาถูก,ทัวร์เกาะเฮ เกาะราชา 1 วัน ราคาถูก,
type2,ทัวร์เกาะเฮ 1 วัน ราคาถูก,,,950 บาท,tourphuket-coral-island.htm,tourphuket-coral-island.htm,img-tour/tour-coral-island/h-m-tour-coral-island.jpg,ทัวร์เกาะเฮ 1 วัน ราคาถูก,ทัวร์เกาะเฮ 1 วัน ราคาถูก,
type2,ทัวร์เกาะเฮ ครึ่งวัน ราคาถูก,,,900 บาท,tourphuket-coral-island-halfday.htm,tourphuket-coral-island-halfday.htm,img-tour/tour-coral-island/h-m-tour-coral-island.jpg,ทัวร์เกาะเฮ ครึ่งวัน ราคาถูก,ทัวร์เกาะเฮ ครึ่งวัน ราคาถูก,
type2,ทัวร์เกาะเฮ ครึ่งวัน เรือใบ,,,"1,150 บาท",tourphuket-coral-sunset-sailing-catamaran.htm,tourphuket-coral-sunset-sailing-catamaran.htm,img-tour/tour-coral-catamaran/h-m-tourphuket-coral-catamaran.jpg,ทัวร์เกาะเฮ ครึ่งวัน เรือใบ,ทัวร์เกาะเฮ ครึ่งวัน เรือใบ,
type2,ทัวร์เกาะเฮ บานาน่าบีช ครึ่งวัน เรือใบ,,,"2,100 บาท",tourphuket-coral-bananabeach-sailing-catamaran.htm,tourphuket-coral-bananabeach-sailing-catamaran.htm,img-tour/tour-coral-banana-beach/h-m-tour-tour-coral-banana-beach02.jpg,ทัวร์เกาะเฮ บานาน่าบีช ครึ่งวัน เรือใบ,ทัวร์เกาะเฮ บานาน่าบีช ครึ่งวัน เรือใบ,
type2,ทัวร์เกาะเฮ บานาน่าบีช ครึ่งวันราคาถูก,,,800 บาท,tourphuket-coral-banana-bigboat-halfday.htm,tourphuket-coral-banana-bigboat-halfday.htm,img-tour/tourphuket-coral-banana-bigboat/h-m-tourphuket-coral-banana-bigboat01.jpg,ทัวร์เกาะเฮ บานาน่าบีช ครึ่งวันราคาถูก,ทัวร์เกาะเฮ บานาน่าบีช ครึ่งวันราคาถูก,
type2,ทัวร์เกาะเฮ บานาน่าบีช 1 วัน ราคาถูก,,,"1,600 บาท",tourphuket-coral-banana-beach.htm,tourphuket-coral-banana-beach.htm,img-tour/tour-coral-banana-beach/h-m-tour-tour-coral-banana-beach.jpg,ทัวร์เกาะเฮ บานาน่าบีช 1 วัน ราคาถูก,ทัวร์เกาะเฮ บานาน่าบีช 1 วัน ราคาถูก,
type2,ทัวร์เกาะราชา ครึ่งวันบ่าย ราคาถูก,,,950 บาท,tourphuket-raya-island-halfday.htm,tourphuket-raya-island-halfday.htm,img-tour/tour-raya-halfday/h-m-tour-raya-halfday.jpg,ทัวร์เกาะราชา ครึ่งวันบ่าย ราคาถูก,ทัวร์เกาะราชา ครึ่งวันบ่าย ราคาถูก,
type2,ทัวร์เกาะเฮ 2 วัน 1 คืน ราคาถูก,,,"2,100 บาท",tourphuket-coral-2d1n.htm,tourphuket-coral-2d1n.htm,img-tour/tour-coral-2d1n/h-m-tour-coral-2d1n.jpg,ทัวร์เกาะเฮ 2 วัน 1 คืน ราคาถูก,ทัวร์เกาะเฮ 2 วัน 1 คืน ราคาถูก,
type2,ทัวร์เกาะไม้ท่อน เกาะเฮ เกาะราชา 1 วัน ราคาถูก,,,"1,150 บาท",tourphuket-maiton-raya-island.htm,tourphuket-maiton-raya-island.htm,img-tour/tour-maiton-coral-raya/h-m-tour-maiton-coral-raya.jpg,ทัวร์เกาะไม้ท่อน เกาะเฮ เกาะราชา 1 วัน ราคาถูก,ทัวร์เกาะไม้ท่อน เกาะเฮ เกาะราชา 1 วัน ราคาถูก,
type2,ทัวร์เกาะไม้ท่อน เกาะราชาน้อย เกาะราชาใหญ่ เรือคาตามารัน 1 วัน ราคาถูก,,,"1,700 บาท",tourphuket-maiton-rayayai-rayanoi-catamaran.htm,tourphuket-maiton-rayayai-rayanoi-catamaran.htm,img-tour/tour-maiton-rayanoi-rayayai/h-m-tour-maiton-rayanoi-rayayai.jpg,ทัวร์เกาะไม้ท่อน เกาะราชาน้อย เกาะราชาใหญ่ เรือคาตามารัน 1 วัน ราคาถูก,ทัวร์เกาะไม้ท่อน เกาะราชาน้อย เกาะราชาใหญ่ เรือคาตามารัน 1 วัน ราคาถูก,
type2,ทัวร์เกาะราชา เกาะโหลน 1 วัน ราคาถูก,,,"1,400 บาท",tourphuket-raya-lone-island.htm,tourphuket-raya-lone-island.htm,img-tour/tour-raya-lone/h-m-tour-raya-lone.jpg,ทัวร์เกาะราชา เกาะโหลน 1 วัน ราคาถูก,ทัวร์เกาะราชา เกาะโหลน 1 วัน ราคาถูก,
type2,ทัวร์เกาะราชา บานาน่าบีช เกาะเฮ 1 วัน ราคาถูก,,,"2,100 บาท",tourphuket-rayayai-rayanoi-bananabeach.htm,tourphuket-rayayai-rayanoi-bananabeach.htm,img-tour/tour-raya-bananabeach/h-m-tour-raya-bananabeach.jpg,ทัวร์เกาะราชา บานาน่าบีช เกาะเฮ 1 วัน ราคาถูก,ทัวร์เกาะราชา บานาน่าบีช เกาะเฮ 1 วัน ราคาถูก,
type2,ทัวร์เกาะราชา 2 วัน 1 คืน,,,"2,200 บาท",tourphuket-raya-island-2d-1n.htm,tourphuket-raya-island-2d-1n.htm,img-tour/tour-raya-2d-1n/h-m-tour-raya-2d-1n.jpg,ทัวร์เกาะราชา 2 วัน 1 คืน,ทัวร์เกาะราชา 2 วัน 1 คืน,
type2,ทัวร์เกาะราชาน้อย ค้างเรือคูณ 2 วัน 1 คืน,,,"5,000 บาท",tourphuket-rayanoi-rayayai-maiton-overnight.htm,tourphuket-rayanoi-rayayai-maiton-overnight.htm,img-tour/tour-rayanoi-2d-1n/h-m-tour-rayanoi-2d-1n.jpg,ทัวร์เกาะราชาน้อย ค้างเรือคูณ 2 วัน 1 คืน,ทัวร์เกาะราชาน้อย ค้างเรือคูณ 2 วัน 1 คืน,
type2,ทัวร์เกาะไม้ท่อน ราชาน้อย Sunset,,,"1,550 บาท",tourphuket-coral-raya-sailing-catamaran.htm,tourphuket-coral-raya-sailing-catamaran.htm,img-tour/tourphuket-coral-raya-catamaran/h-m-tourphuket-coral-raya-sailing-catamaran.jpg,ทัวร์เกาะไม้ท่อน ราชาน้อย Sunset,ทัวร์เกาะเฮ ราชา Sunset,
type2,ทัวร์เกาะไม้ท่อน 1 วัน ราคาถูก,,,"2,150 บาท",tourphuket-maiton-island.htm,tourphuket-maiton-island.htm,img-tour/tour-maiton/h-m-tour-maiton.jpg,ทัวร์เกาะไม้ท่อน 1 วัน ราคาถูก,ทัวร์เกาะไม้ท่อน 1 วัน ราคาถูก,
type2,ทัวร์เกาะไม้ท่อน เกาะเฮ บานาน่าบีช 1 วัน ราคาถูก,,,"1,750 บาท",tourphuket-maiton-bananabeach.htm,tourphuket-maiton-bananabeach.htm,img-tour/tour-maiton-bananabeach/h-m-tour-maiton-bananabeach.jpg,ทัวร์เกาะไม้ท่อน เกาะเฮ บานาน่าบีช 1 วัน ราคาถูก,ทัวร์เกาะไม้ท่อน เกาะเฮ บานาน่าบีช 1 วัน ราคาถูก,
type2,ทัวร์เกาะไม้ท่อน เรือคาตามารัน,,,"2,850 บาท",tourphuket-maiton-island-sailing-catamaran.htm,tourphuket-maiton-island-sailing-catamaran.htm,img-tour/tour-maiton-catamaran/h-m-tour-maiton-catamaran.jpg,ทัวร์เกาะไม้ท่อน เรือคาตามารัน,ทัวร์เกาะไม้ท่อน เรือคาตามารัน,
type2,ทัวร์Sunset Dinner,,,"1,250 บาท",tourphuket-sailing-catamaran-sunset.htm,tourphuket-sailing-catamaran-sunset.htm,img-tour/tour-maiton-sunset-catamaran/h-m-tour-maiton-sunset-catamaran.jpg,ทัวร์เกาะไม้ท่อน Sunset Dinner,ทัวร์Sunset Dinner,
type2,เรือยอร์ช ภูเก็ตเช่าเหมาลำ,,,พิเศษ,tourphuket-yacht-charter.htm,tourphuket-yacht-charter.htm,img-tour/yacht-charter/h-m-yacht-charter.jpg,เรือยอร์ช ภูเก็ตเช่าเหมาลำ,เรือยอร์ช ภูเก็ตเช่าเหมาลำ,
type2,Yona Beach Club Phuket โยนาบีชคลับ ภูเก็ต,,,"4,000 บาท",tourphuket-yona-beach-club-phuket.htm,tourphuket-yona-beach-club-phuket.htm,img-tour/tour-phuket-yona-beachclub/h-m-tour-yona-beachclub-phuket.jpg,Yona Beach Club Phuket โยนาบีชคลับ ภูเก็ต,Yona Beach Club Phuket โยนาบีชคลับ ภูเก็ต,
type2,เรือ Lobster Yacht Phuket พระอาทิตย์ตกดิน,,,"2,900 บาท",tourphuket-lobster-yacht-phuket.htm,tourphuket-lobster-yacht-phuket.htm,img-tour/tour-phuket-tourphuket-lobster-yacht/h-m-tour-phuket-tourphuket-lobster-yacht.jpg,เรือ Lobster Yacht Phuket พระอาทิตย์ตกดิน,เรือ Lobster Yacht Phuket พระอาทิตย์ตกดิน,
type2,เรือ Hype Yacht Phuket พระอาทิตย์ตกดิน,,,"3,500 บาท",tourphuket-hype-yacht-phuket.htm,tourphuket-hype-yacht-phuket.htm,img-tour/tour-phuket-hype/h-m-tour-phuket-hype.jpg,เรือ Hype Yacht Phuket พระอาทิตย์ตกดิน,เรือ Hype Yacht Phuket พระอาทิตย์ตกดิน,
type2,ทัวร์เกาะรอก 2 วัน 1 คืน,,,"5,200 บาท",tourphuket-kohrok-island-2d-1n.htm,tourphuket-kohrok-island-2d-1n.htm,img-tour/tour-rok-island-2d-1n/h-m-tour-rok-island-2d-1n.jpg,ทัวร์เกาะรอก 2 วัน 1 คืน,ทัวร์เกาะรอก 2 วัน 1 คืน,
type2,ทัวร์เกาะสิมิลัน 2 วัน 1 คืน,,,"10,500 บาท",tourphuket-similan-island-2d1n.htm,tourphuket-similan-island-2d1n.htm,img-tour/tour-similan-2d-1n/h-m-tour-similan-2d-1n.jpg,ทัวร์เกาะสิมิลัน 2 วัน 1 คืน,ทัวร์เกาะสิมิลัน 2 วัน 1 คืน,
type2,ทัวร์เกาะสิมิลัน 3 วัน 2 คืน,,,"5,600 บาท",tourphuket-similan-island-3d2n.htm,tourphuket-similan-island-3d2n.htm,img-tour/tour-similan-3d-2n/h-m-tour-similan-3d-2n.jpg,ทัวร์เกาะสิมิลัน 2 วัน 1 คืน,ทัวร์เกาะสิมิลัน 3 วัน 2 คืน,
type2,ตั๋วเรือไป กลับ ทัวร์สิมิลัน,,,"2,700 บาท",tourphuket-similan-oneday-open.htm,tourphuket-similan-oneday-open.htm,img-tour/tour-similan-oneday-open/h-m-tour-similan-oneday-open.jpg,ตั๋วเรือไป กลับ ทัวร์สิมิลัน,ตั๋วเรือไป กลับ ทัวร์สิมิลัน,
type2,ทัวร์เกาะสุรินทร์ 2 วัน 1 คืน,,,"5,300 บาท",tourphuket-surin-island-2d1n.htm,tourphuket-surin-island-2d1n.htm,img-tour/tour-surin-island-2d1n/h-m-tour-surin-island-2d1n.jpg,ทัวร์เกาะสุรินทร์ 2 วัน 1 คืน,ทัวร์เกาะสุรินทร์ 2 วัน 1 คืน,
type2,ทัวร์เกาะสุรินทร์ 3 วัน 2 คืน,,,"6,300 บาท",tourphuket-surin-island-3d2n.htm,tourphuket-surin-island-3d2n.htm,img-tour/tour-surin-island-3d2n/h-m-tour-surin-island-3d2n.jpg,ทัวร์เกาะสุรินทร์ 3 วัน 2 คืน,ทัวร์เกาะสุรินทร์ 3 วัน 2 คืน,
type2,ทัวร์เกาะตาชัย,,,"2,600 บาท",tourphuket-tachai-similan-island.htm,tourphuket-tachai-similan-island.htm,img-tour/tour-tachai-island/h-m-tour-tachai-island.jpg,ทัวร์เกาะตาชัย,ทัวร์เกาะตาชัย,
type2,ทัวร์เกาะไม้ท่อน ราชาน้อย Sunset,,,"3,200 บาท",tourphuket-maiton-rachanoi-sunset-catamaran.htm,tourphuket-maiton-rachanoi-sunset-catamaran.htm,img-tour/tour-maiton-rachanoi-sunset-catamaran/h-m-tour-maiton-rachanoi-sunset-catamaran.jpg,ทัวร์เกาะไม้ท่อน ราชาน้อย Sunset,ทัวร์เกาะไม้ท่อน ราชาน้อย Sunset,
type2,ทัวร์เกาะไม้ท่อน เกาะเฮ คาตามารัน (เช้า),,,"1,500 บาท",tourphuket-maiton-coral-catamaran-morning.htm,tourphuket-maiton-coral-catamaran-morning.htm,img-tour/tour-maiton-coral-catamaran/h-m-tour-maiton-coral-catamaran.jpg,ทัวร์เกาะไม้ท่อน เกาะเฮ คาตามารัน (เช้า),ทัวร์เกาะไม้ท่อน เกาะเฮ คาตามารัน (เช้า),
type2,ทัวร์เกาะไม้ท่อน เกาะเฮ คาตามารัน (บ่าย),,,"1,500 บาท",tourphuket-maiton-coral-catamaran-afternoon.htm,tourphuket-maiton-coral-catamaran-afternoon.htm,img-tour/tour-maiton-coral-catamaran/h-m-tour-maiton-coral-catamaran.jpg,ทัวร์เกาะไม้ท่อน เกาะเฮ คาตามารัน (บ่าย),ทัวร์เกาะไม้ท่อน เกาะเฮ คาตามารัน (บ่าย),
type2,ทัวร์เกาะไข่ 1 วัน,,,"1,200 บาท",tourphuket-khai-island-fullday.htm,tourphuket-khai-island-fullday.htm,img-tour/tour-khai-island/h-m-tour-khai-island.jpg,ทัวร์เกาะไข่ 1 วัน,ทัวร์เกาะไข่ 1 วัน,
type2,ทัวร์เกาะไข่ ครึ่งวัน,,,850 บาท,tourphuket-khai-island-halfday.htm,tourphuket-khai-island-halfday.htm,img-tour/tour-khai-island/h-m-tour-khai-island-half.jpg,ทัวร์เกาะไข่ ครึ่งวัน,ทัวร์เกาะไข่ ครึ่งวัน,
type2,ทัวร์เกาะไม้ท่อน เกาะไข่ 1 วัน ราคาถูก,,,"1,200 บาท",tourphuket-maiton-khai-island.htm,tourphuket-maiton-khai-island.htm,img-tour/tour-phiphi-maiton/h-m-tour-phiphi-maiton.jpg,ทัวร์เกาะไม้ท่อน เกาะไข่ 1 วัน ราคาถูก,ทัวร์เกาะไม้ท่อน เกาะไข่ 1 วัน ราคาถูก,
type2,ทัวร์เกาะไข่ เรือใบ,,,"1,050 บาท",tourphuket-khai-island-sailing-catamaran.htm,tourphuket-khai-island-sailing-catamaran.htm,img-tour/tour-khai-catamaran/h-m-tour-khai-catamaran02.jpg,ทัวร์เกาะไข่ เรือใบ,ทัวร์เกาะไข่ เรือใบ,
type2,ทัวร์เกาะไข่ ครึ่งวัน เรือใบ,,,"1,300 บาท",tourphuket-khai-island-halfday-sailing-catamaran.htm,tourphuket-khai-island-halfday-sailing-catamaran.htm,img-tour/tour-khai-catamaran/h-m-tour-khai-catamaran.jpg,ทัวร์เกาะไข่ ครึ่งวัน เรือใบ,ทัวร์เกาะไข่ ครึ่งวัน เรือใบ,
type2,ทัวร์รอบเมืองภูเก็ต 1 วัน,,,"2,000 บาท",tourphuket-phuketcitytour.htm,tourphuket-phuketcitytour.htm,img-tour/tour-phuket-citytour/h-m-tour-phuket-citytour.jpg,ทัวร์รอบเมืองภูเก็ต 1 วัน,ทัวร์รอบเมืองภูเก็ต 1 วัน,
type2,ทัวร์ดำน้ำลึก เกาะราชา,,,"2,500 บาท",tourphuket-scuba-raya.htm,tourphuket-scuba-raya.htm,img-tour/tour-scuba/h-m-tour-scuba.jpg,ทัวร์ดำน้ำลึก เกาะราชา,ทัวร์ดำน้ำลึก เกาะราชา,
type2,ทัวร์อ่าวพังงา แคนูอ่าวพังงาเรือใหญ่,,,"1,300 บาท",tourphuket-seacanoe-bigboat.htm,tourphuket-seacanoe-bigboat.htm,img-tour/tour-phangnga-bigboat/h-m-tour-phangnga-bigboat.jpg,ทัวร์อ่าวพังงา แคนูอ่าวพังงาเรือใหญ่,ทัวร์อ่าวพังงา แคนูอ่าวพังงาเรือใหญ่,
type2,ทัวร์อ่าวพังงา แคนูอ่าวพังงาเรือสปีดโบ๊ท,,,"1,500 บาท",tourphuket-seacanoe-speedboat.htm,tourphuket-seacanoe-speedboat.htm,img-tour/tour-phangnga-speedboat/h-m-tour-phangnga-speedboat.jpg,ทัวร์อ่าวพังงา แคนูอ่าวพังงาเรือสปีดโบ๊ท,ทัวร์อ่าวพังงา แคนูอ่าวพังงาเรือสปีดโบ๊ท,
type2,ทัวร์อ่าวพังงา แคนูอ่าวพังงา เกาะห้องกระบี่,,,"2,500 บาท",tourphuket-seacanoe-hong-krabi-speedboat.htm,tourphuket-seacanoe-hong-krabi-speedboat.htm,img-tour/tour-phangnga-hong-krabi/h-m-tour-phangnga-hong-krabi.jpg,ทัวร์อ่าวพังงา แคนูอ่าวพังงา เกาะห้องกระบี่,ทัวร์อ่าวพังงา แคนูอ่าวพังงา เกาะห้องกระบี่,
type2,ทัวร์อ่าวพังงา แคนูอ่าวพังงา เรือหางยาว,,,"1,350 บาท",tourphuket-seacanoe-longtailboat.htm,tourphuket-seacanoe-longtailboat.htm,img-tour/tour-phangnga-longtailboat/h-m-tour-phangnga-longtailboat.jpg,ทัวร์อ่าวพังงา แคนูอ่าวพังงา เรือหางยาว,ทัวร์อ่าวพังงา แคนูอ่าวพังงา เรือหางยาว,
type2,ทัวร์อ่าวพังงา เกาะปันหยี เรือหางยาว,,,"1,100 บาท",tourphangnga-panyee.htm,tourphangnga-panyee.htm,img-tour/tour-phangnga-longtailboat/h-m-tour-phangnga-longtailboat02.jpg,ทัวร์อ่าวพังงา เกาะปันหยี เรือหางยาว,ทัวร์อ่าวพังงา เกาะปันหยี เรือหางยาว,
type2,ทัวร์อ่าวพังงา แคนูอ่าวพังงาด้วยเรือใหญ่ เสม็ดนางชี,,,"1,400 บาท",tourphuket-seacanoe-sametnangshe.htm,tourphuket-seacanoe-sametnangshe.htm,img-tour/tour-phangnga-sametnangshe/h-m-tour-phangnga-sametnangshe.jpg,ทัวร์อ่าวพังงา แคนูอ่าวพังงาด้วยเรือใหญ่ เสม็ดนางชี,ทัวร์อ่าวพังงา แคนูอ่าวพังงาด้วยเรือใหญ่ เสม็ดนางชี,
type2,ทัวร์เกาะห้องกระบี่ (ภูเก็ต),,,"2,500 บาท",tourkrabi-hong-island-phranangcave-miraclebeach.htm,tourkrabi-hong-island-phranangcave-miraclebeach.htm,img-tour/tour-hong-island/h-m-tour-hong-island.jpg,ทัวร์เกาะห้องกระบี่ (ภูเก็ต),ทัวร์เกาะห้องกระบี่ (ภูเก็ต),
type2,ทัวร์ไร่เลย์ ทะเลแหวก (ภูเก็ต),,,"1,800 บาท",tourphuket-railay-phranangcave-miraclebeach.htm,tourphuket-railay-phranangcave-miraclebeach.htm,img-tour/tour-railay/h-m-tour-railay.jpg,ทัวร์ไร่เลย์ ทะเลแหวก (ภูเก็ต),ทัวร์ไร่เลย์ ทะเลแหวก (ภูเก็ต),
type2,ตั๋วเรือไปเกาะ,,,- บาท,tourphuket-boat-transfer.htm,tourphuket-boat-transfer.htm,img-tour/tour-boat-transfer/h-m-tour-boat-transfer.jpg,ตั๋วเรือไปเกาะ,ตั๋วเรือไปเกาะ,
type2,คาร์นิวัลเมจิกโชว์ (Carnival Magic Show) 1 วัน ราคาถูก,,,"1,900 บาท",tourphuket-carnival-magic-show.htm,tourphuket-carnival-magic-show.htm,img-tour/tour-carnival-magic-show/h-m-tour-carnival-magic-show.jpg,คาร์นิวัลเมจิกโชว์ (Carnival Magic Show) 1 วัน ราคาถูก,คาร์นิวัลเมจิกโชว์ (Carnival Magic Show) 1 วัน ราคาถูก,
type2,ตั๋วภูเก็ตแฟนตาซีโชว์,,,Call บาท,tourphuket-phuket-fantasea-show.htm,tourphuket-phuket-fantasea-show.htm,img-tour/tour-phuket-fantasea-show/h-m-tour-phuket-fantasea-show.jpg,ตั๋วภูเก็ตแฟนตาซีโชว์,ตั๋วภูเก็ตแฟนตาซีโชว์,
type2,ตั๋วสยามนิรมิตโชว์,,,Call บาท,tourphuket-siam-niramit-show.htm,tourphuket-siam-niramit-show.htm,img-tour/tour-siam-niramit-show/h-m-tour-siam-niramit-show.jpg,ตั๋วสยามนิรมิตโชว์,ตั๋วสยามนิรมิตโชว์,
type2,ภูเก็ตไซม่อนคาบาเร่ตโชว์,,,Call บาท,tourphuket-simon-cabaret-show.htm,tourphuket-simon-cabaret-show.htm,img-tour/tour-simon-cabaret-show/h-m-tour-simon-cabaret-show.jpg,ภูเก็ตไซม่อนคาบาเร่ตโชว์,ภูเก็ตไซม่อนคาบาเร่ตโชว์,
type2,สวนน้ำภูเก็ต Andamanda Phuket 1 วัน ราคาถูก,,,"1,300 บาท",tourphuket-andamanda-phuket.htm,tourphuket-andamanda-phuket.htm,img-tour/tour-phuket-andamanda-phuket/h-m-tour-phuket-andamanda-phuket.jpg,สวนน้ำภูเก็ต Andamanda Phuket 1 วัน ราคาถูก,สวนน้ำภูเก็ต Andamanda Phuket 1 วัน ราคาถูก,
type2,สแปลช จังเกิ้ล,,,700 บาท,tourphuket-phuket-splash-jungle.html,tourphuket-phuket-splash-jungle.html,img-tour/tour-phuket-splash-jungle/h-m-tour-phuket-splash-jungle.jpg,สแปลช จังเกิ้ล,สแปลช จังเกิ้ล,
type2,หนุมาน เวิลด์,,,"1,800 บาท",tourphuket-hanuman-world.htm,tourphuket-hanuman-world.htm,img-tour/tour-hanuman-world/h-m-tour-hanuman-world.jpg,หนุมาน เวิลด์,หนุมาน เวิลด์,
type2,ฟลายอิ้งหนุมาน,,,"2,200 บาท",tourphuket-flying-hanuman.htm,tourphuket-flying-hanuman.htm,img-tour/tour-flying-hanuman/h-m-tour-flying-hanuman.jpg,ฟลายอิ้งหนุมาน,ฟลายอิ้งหนุมาน,
type2,ทาร์ซานแอดเวนเจอร์,,,"2,200 บาท",tourphuket-tarzan-adventure.htm,tourphuket-tarzan-adventure.htm,img-tour/tour-tarzan-phuket/h-m-tour-tarzan-phuket.jpg,ทาร์ซานแอดเวนเจอร์,ทาร์ซานแอดเวนเจอร์,
type2,โชว์ปลาโลมาภูเก็ต,,,400 บาท,tourphuket-dolphin-show.htm,tourphuket-dolphin-show.htm,img-tour/tour-dolphin-show/h-m-tour-dolphin-show.jpg,โชว์ปลาโลมาภูเก็ต,โชว์ปลาโลมาภูเก็ต,
type2,ทัวร์ขับรถเอทีวี,,,Call บาท,tourphuket-atv-tour01.htm,tourphuket-atv-tour01.htm,img-tour/tour-phuket-atv/h-m-tour-phuket-atv.jpg,ทัวร์ขับรถเอทีวี,ทัวร์ขับรถเอทีวี,
type2,ทัวร์ขับรถเอทีวี ขี่ช้าง,,,Call บาท,tourphuket-atv-tour02.htm,tourphuket-atv-tour02.htm,img-tour/tour-phuket-atv/h-m-tour-phuket-atv02.jpg,ทัวร์ขับรถเอทีวี ขี่ช้าง,ทัวร์ขับรถเอทีวี ขี่ช้าง,
type2,ทัวร์เกาะสิมิลัน,,,"2,300 บาท",tourphuket-similan-island.htm,tourphuket-similan-island.htm,img-tour/tour-best/tour-similan.jpg,ทัวร์เกาะสิมิลัน 1 วัน ราคาถูก,ทัวร์เกาะสิมิลัน 1 วัน ราคาถูก,
type2,ทัวร์เกาะสิมิลัน Seastar,,,"1,750 บาท",tourphuket-similan-island-seastar.htm,tourphuket-similan-island-seastar.htm,img-tour/tour-similan-seastar/h-m-tour-similand-seastar.jpg,ทัวร์เกาะสิมิลัน 1 วัน ราคาถูก,ทัวร์เกาะสิมิลัน 1 วัน ราคาถูก,
type2,ทัวร์เกาะสิมิลัน Loveandaman,,,"1,900 บาท",tourphuket-similan-island-loveandaman.htm,tourphuket-similan-island-loveandaman.htm,img-tour/tour-similan-loveandaman/h-m-tour-similan-loveandaman.jpg,ทัวร์เกาะสิมิลัน 1 วัน ราคาถูก,ทัวร์เกาะสิมิลัน 1 วัน ราคาถูก,
type2,ทัวร์เกาะสุรินทร์,,,"2,500 บาท",tourphuket-surin-island.htm,tourphuket-surin-island.htm,img-tour/tour-best/tour-surin.jpg,ทัวร์เกาะสุรินทร์ 1 วัน ราคาถูก,ทัวร์เกาะสุรินทร์ 1 วัน ราคาถูก,
type2,ทัวร์เกาะสุรินทร์ 1 วัน Seastar ราคาถูก,,,"2,150 บาท",tourphuket-surin-island-seastar.htm,tourphuket-surin-island-seastar.htm,img-tour/tour-surin-island/h-m-tour-surin-island-seastar.jpg,ทัวร์เกาะสุรินทร์ 1 วัน Seastar ราคาถูก,ทัวร์เกาะสุรินทร์ 1 วัน Seastar ราคาถูก,
type2,ทัวร์เกาะสุรินทร์ 1 วัน Loveandaman ราคาถูก,,,"2,200 บาท",tourphuket-surin-island-loveandaman.htm,tourphuket-surin-island-loveandaman.htm,img-tour/tour-surin-island/h-m-tour-surin-island-loveandaman.jpg,ทัวร์เกาะสุรินทร์ 1 วัน Loveandaman ราคาถูก,ทัวร์เกาะสุรินทร์ 1 วัน Loveandaman ราคาถูก,
type2,ทัวร์เกาะสิมิลัน 2 วัน 1 คืน,,,"4,600 บาท",tourphuket-similan-island-2d1n.htm,tourphuket-similan-island-2d1n.htm,img-tour/tour-similan-2d-1n/h-m-tour-similan-2d-1n.jpg,ทัวร์เกาะสิมิลัน 2 วัน 1 คืน,ทัวร์เกาะสิมิลัน 2 วัน 1 คืน,
type2,ทัวร์เกาะสิมิลัน 3 วัน 2 คืน,,,"5,600 บาท",tourphuket-similan-island-3d2n.htm,tourphuket-similan-island-3d2n.htm,img-tour/tour-similan-3d-2n/h-m-tour-similan-3d-2n.jpg,ทัวร์เกาะสิมิลัน 2 วัน 1 คืน,ทัวร์เกาะสิมิลัน 3 วัน 2 คืน,
type2,ทัวร์เกาะสุรินทร์ 2 วัน 1 คืน,,,"5,200 บาท",tourphuket-surin-island-2d1n.htm,tourphuket-surin-island-2d1n.htm,img-tour/tour-surin-island-2d1n/h-m-tour-surin-island-2d1n.jpg,ทัวร์เกาะสุรินทร์ 2 วัน 1 คืน,ทัวร์เกาะสุรินทร์ 2 วัน 1 คืน,
type2,ทัวร์เกาะสุรินทร์ 3 วัน 2 คืน,,,"6,200 บาท",tourphuket-surin-island-3d2n.htm,tourphuket-surin-island-3d2n.htm,img-tour/tour-surin-island-3d2n/h-m-tour-surin-island-3d2n.jpg,ทัวร์เกาะสุรินทร์ 3 วัน 2 คืน,ทัวร์เกาะสุรินทร์ 3 วัน 2 คืน,
type2,ทัวร์อ่าวพังงา แคนูอ่าวพังงาเรือใหญ่,,,"1,300 บาท",tourphuket-seacanoe-bigboat.htm,tourphuket-seacanoe-bigboat.htm,img-tour/tour-phangnga-bigboat/h-m-tour-phangnga-bigboat.jpg,ทัวร์อ่าวพังงา แคนูอ่าวพังงาเรือใหญ่,ทัวร์อ่าวพังงา แคนูอ่าวพังงาเรือใหญ่,
type2,ทัวร์อ่าวพังงา แคนูอ่าวพังงาเรือสปีดโบ๊ท,,,"1,500 บาท",tourphuket-seacanoe-speedboat.htm,tourphuket-seacanoe-speedboat.htm,img-tour/tour-phangnga-speedboat/h-m-tour-phangnga-speedboat.jpg,ทัวร์อ่าวพังงา แคนูอ่าวพังงาเรือสปีดโบ๊ท,ทัวร์อ่าวพังงา แคนูอ่าวพังงาเรือสปีดโบ๊ท,
type2,ทัวร์อ่าวพังงา แคนูอ่าวพังงา เกาะห้องกระบี่,,,"2,500 บาท",tourphuket-seacanoe-hong-krabi-speedboat.htm,tourphuket-seacanoe-hong-krabi-speedboat.htm,img-tour/tour-phangnga-hong-krabi/h-m-tour-phangnga-hong-krabi.jpg,ทัวร์อ่าวพังงา แคนูอ่าวพังงา เกาะห้องกระบี่,ทัวร์อ่าวพังงา แคนูอ่าวพังงา เกาะห้องกระบี่,
type2,ทัวร์อ่าวพังงา แคนูอ่าวพังงา เรือหางยาว,,,"1,350 บาท",tourphuket-seacanoe-longtailboat.htm,tourphuket-seacanoe-longtailboat.htm,img-tour/tour-phangnga-longtailboat/h-m-tour-phangnga-longtailboat.jpg,ทัวร์อ่าวพังงา แคนูอ่าวพังงา เรือหางยาว,ทัวร์อ่าวพังงา แคนูอ่าวพังงา เรือหางยาว,
type2,ทัวร์อ่าวพังงา เกาะปันหยี เรือหางยาว,,,"1,100 บาท",tourphangnga-panyee.htm,tourphangnga-panyee.htm,img-tour/tour-phangnga-longtailboat/h-m-tour-phangnga-longtailboat02.jpg,ทัวร์อ่าวพังงา เกาะปันหยี เรือหางยาว,ทัวร์อ่าวพังงา เกาะปันหยี เรือหางยาว,
type2,ทัวร์อ่าวพังงา แคนูอ่าวพังงาด้วยเรือใหญ่ เสม็ดนางชี,,,"1,400 บาท",tourphuket-seacanoe-sametnangshe.htm,tourphuket-seacanoe-sametnangshe.htm,img-tour/tour-phangnga-sametnangshe/h-m-tour-phangnga-sametnangshe.jpg,ทัวร์อ่าวพังงา แคนูอ่าวพังงาด้วยเรือใหญ่ เสม็ดนางชี,ทัวร์อ่าวพังงา แคนูอ่าวพังงาด้วยเรือใหญ่ เสม็ดนางชี,
type2,ทัวร์เกาะรอก กระบี่,,,"2,500 บาท",tourkrabi-rokisland.htm,tourkrabi-rokisland.htm,img-tour/tour-krabi-rok-island/h-m-tourkrabi-rok-island.jpg,ทัวร์เกาะรอก กระบี่,ทัวร์เกาะรอก กระบี่,
type2,ทัวร์ไร่เลย์ ทะเลแหวก เกาะไก่ เกาะปอดะ เรือสปีดโบ๊ท,,,"1,050 บาท",tourkrabi-4island.htm,tourkrabi-4island.htm,img-tour/tour-railay/h-m-tour-railay.jpg,ทัวร์ไร่เลย์ ทะเลแหวก เกาะไก่ เกาะปอดะ เรือสปีดโบ๊ท,ทัวร์ไร่เลย์ ทะเลแหวก เกาะไก่ เกาะปอดะ เรือสปีดโบ๊ท,
type2,ทัวร์ไร่เลย์ ทะเลแหวก เกาะไก่ เกาะปอดะ เรือหางยาว,,,850 บาท,tourkrabi-4island-longtailboat.htm,tourkrabi-4island-longtailboat.htm,img-tour/tour-railay/h-m-tour-railay-longtailboat.jpg,ทัวร์ไร่เลย์ ทะเลแหวก เกาะไก่ เกาะปอดะ เรือหางยาว,ทัวร์ไร่เลย์ ทะเลแหวก เกาะไก่ เกาะปอดะ เรือหางยาว,
type2,ทัวร์เกาะพีพี เกาะไม้ไผ่ กระบี่,,,"1,450 บาท",tourkrabi-phiphi-bamboo-speedboat.htm,tourkrabi-phiphi-bamboo-speedboat.htm,img-tour/tour-phiphi-bamboo/h-m-tour-phiphi-bamboo.jpg,ทัวร์เกาะพีพี เกาะไม้ไผ่ กระบี่,ทัวร์เกาะพีพี เกาะไม้ไผ่ กระบี่,
type2,ทัวร์เกาะห้อง เกาะผักเบี้ย กระบี่,,,"1,250 บาท",tourkrabi-hong-island.htm,tourkrabi-hong-island.htm,img-tour/tour-krabi-hong-island/h-m-tour-krabi-hong-island.jpg,ทัวร์เกาะห้อง เกาะผักเบี้ย กระบี่,ทัวร์เกาะห้อง เกาะผักเบี้ย กระบี่,
type2,ทัวร์เกาะห้อง เกาะผักเบี้ย กระบี่,,,"1,500 บาท",tourkrabi-hong-island-catamaran.htm,tourkrabi-hong-island-catamaran.htm,img-tour/tour-krabi-hong-catamaran/h-m-tour-krabi-hong-catamaran.jpg,ทัวร์เกาะห้อง เกาะผักเบี้ย เกาะลาดิง เรือคาตามารัน,ทัวร์เกาะห้อง เกาะผักเบี้ย เกาะลาดิง เรือคาตามารัน,
type2,ทัวร์น้ำตกร้อน สระมรกต กระบี่,,,900 บาท,tourkrabi-hotspring-samorakot.htm,tourkrabi-hotspring-samorakot.htm,img-tour/tour-krabi-hotspring/h-m-tour-krabi-hotspring.jpg,ทัวร์น้ำตกร้อน สระมรกต กระบี่,ทัวร์น้ำตกร้อน สระมรกต กระบี่,
type2,ทัวร์น้ำตกร้อน สระมรกต กระบี่,,,800 บาท,tourkrabi-canoe-ao-talen-halfday.htm,tourkrabi-canoe-ao-talen-halfday.htm,img-tour/tour-krabi-canoe-ao-talen/h-m-tour-krabi-canoe-ao-talen.jpg,ทัวร์แคนู อ่าวท่าเลน กระบี่,ทัวร์แคนู อ่าวท่าเลน กระบี่,
type2,ทัวร์น้ำตกร้อน สระมรกต กระบี่,,,"1,000 บาท",tourkrabi-citytour.htm,tourkrabi-citytour.htm,img-tour/tour-krabi-hotspring/h-m-tour-krabi-hotspring.jpg,ทัวร์กระบี่ ทัวร์รอบเมือง,ทัวร์กระบี่ ทัวร์รอบเมือง,
type2,ทัวร์ 4 เกาะ Sunset,,,"1,500 บาท",tourkrabi-4island-sunset-catamaran.htm,tourkrabi-4island-sunset-catamaran.htm,img-tour/tour-krabi-4island-sunset/h-m-tour-krabi-4island-sunset.jpg,ทัวร์ 4 เกาะ Sunset,ทัวร์ 4 เกาะ Sunset,
